


{
"views":[ { "viewport": [ -286677.52733606, 6709373.6478579, -286674.14926474, 6709377.0259293 ],"end_frame":1500}]
} 

