
{
"views":[{ "viewport": [ -287571.5847255, 6709415.9440649, -286988.7523849, 6709884.1208631 ],"end_frame":1500}]
} 

