 
{
"views":[{ "viewport": [ -286749.88667155, 6709315.6204653, -286243.49135923, 6709740.801435 ],"end_frame":1500}]
}