

{
"views":[{ "viewport": [ -286515.79827246, 6709874.5662345, -286004.62564587, 6710376.1842326 ],"end_frame":1500}]
}
 
